{
    "device_type": "D435i",
    "imus": [
        {
            "accelerometer": {
                "bias": [
                    0.08289107166598814,
                    -0.09119981092104656,
                    0.052889370955087944
                ],
                "scale_and_alignment": [
                    1.008343661008557,
                    0.0023412966099424625,
                    0.009823631619694136,
                    -0.0038684368571832335,
                    1.0069730853038754,
                    0.028733344435546093,
                    0.004591526511168988,
                    0.008712246508106647,
                    1.006964809978899
                ]
            },
            "gyroscope": {
                "bias": [
                    -0.0046026509158887475,
                    -0.0029376051224415706,
                    -0.005329999136464218
                ],
                "scale_and_alignment": [
                    1.0,
                    0.0,
                    0.0,
                    0.0,
                    1.0,
                    0.0,
                    0.0,
                    0.0,
                    1.0
                ]
            }
        }
    ]
}
